,no battery,trivial,osc barB,osc best theta barB,trivial second,cmh,cmh trivial first,best theta hat B,best theta barB trivial first,best theta hat B trivialfirst,opt,fake opt
0,1687311690.165848,1685736007.8931472,1683281181.602384,1677131311.5432203,1685704173.2636602,1690206450.2938673,1685766515.3179164,1677131311.5432203,1677131311.5432203,1677131311.5432203,1668967825.6790195,1683131809.906755
