,no battery,trivial,best theta hat B trivialfirst,theory
0,1688112097.7675707,1687681855.057236,1676229908.4449224,1682252104.7912498
