,no battery,trivial,osc barB,osc best theta barB,trivial second,cmh,cmh trivial first,best theta hat B,best theta barB trivial first,best theta hat B trivialfirst,opt,fake opt
0,1755858566.1306727,1682637345.8707368,1722326585.6375372,1682522877.4953039,1717877003.2719483,1739911093.0668364,1755341153.1268778,1682522877.4953039,1682522877.4953039,1682522877.4953039,1669344006.75867,1680040750.15611
