,no battery,trivial,best theta hat B trivialfirst,theory
0,1710607144.7174737,1695740640.7753594,1690186681.3618426,1697828515.216305
