,no battery,trivial,best theta hat B trivialfirst,theory
0,2134180198.366533,1683646188.9652224,1683590042.7611954,1974615042.7879026
