,no battery,trivial,best theta hat B trivialfirst,theory
0,1718955818.1057434,1682380746.6072438,1680131950.7530682,1693865003.8600905
