,no battery,trivial,best theta hat B trivialfirst,theory
0,1915024832.493958,1687854914.3296983,1687417363.8958368,1780098912.1077344
