,no battery,trivial,best theta hat B trivialfirst,theory
0,1738206141.4834476,1682286268.1743853,1681926254.8295834,1703477942.3077989
