,no battery,trivial,osc barB,osc best theta barB,trivial second,cmh,cmh trivial first,best theta hat B,best theta barB trivial first,best theta hat B trivialfirst,opt,fake opt
0,5258668.0151399225,4988328.800292801,5194044.525300069,4930517.581171571,5092009.926205977,5172578.061074344,5724212.63465585,4930517.581171571,4930517.581171571,4930517.581171571,4842293.712446483,4948629.629212379
1,5722647.930677153,5025063.177539005,5484420.702033634,4971575.917590846,5244464.226169333,5618815.221248975,6217117.206405554,4971575.917590846,4971575.917590846,4971575.917590846,4882051.986081602,4988245.529435372
