,no battery,trivial,best theta hat B trivialfirst,theory
0,2062517287.2790897,1686839029.1203039,1686727831.0808344,1907847829.9476786
