,no battery,trivial,best theta hat B trivialfirst,theory
0,2005130323.4987266,1685172745.5275497,1685086433.5294347,1890570122.6900647
