,no battery,trivial,best theta hat B trivialfirst,theory
0,1763279521.9500983,1682257469.1622002,1682158494.6548226,1735107055.712685
