,no battery,trivial,best theta hat B trivialfirst,theory
0,1712083367.7591321,1682486474.1424985,1680371491.1452153,1693888271.4134557
