,no battery,trivial,osc barB,osc best theta barB,trivial second,cmh,cmh trivial first,best theta hat B,best theta barB trivial first,best theta hat B trivialfirst,opt,fake opt
0,1856887863.5013745,1682543700.5045385,1813967553.8989558,1682444047.502101,1837213081.865824,1836895683.9760668,1857104667.0094378,1682444047.502101,1682444047.502101,1682444047.502101,1669753051.9633565,1679511354.3976007
