,no battery,trivial,osc barB,osc best theta barB,trivial second,cmh,cmh trivial first,best theta hat B,best theta barB trivial first,best theta hat B trivialfirst,opt,fake opt
0,1792299895.9916453,1682819598.4954443,1758951441.5743608,1682707973.9549422,1764063546.943475,1781103094.0473917,1791597891.1835918,1682707973.9549422,1682707973.9549422,1682707973.9549422,1669614651.0024526,1679988147.393079
