,no battery,trivial,osc barB,osc best theta barB,trivial second,cmh,cmh trivial first,best theta hat B,best theta barB trivial first,best theta hat B trivialfirst,opt,fake opt
0,1681731241.1827006,1681731241.1827006,1679248402.4289904,1673032543.2705164,1681731241.1827006,1692653671.0884378,1682251983.4656315,1673032543.2705164,1673032543.2705164,1673032543.2705164,1668967054.8294456,1679291956.1098328
