,no battery,trivial,osc barB,osc best theta barB,trivial second,cmh,cmh trivial first,best theta hat B,best theta barB trivial first,best theta hat B trivialfirst,opt,fake opt
0,1769658303.379103,1682346686.7743149,1748316853.4510849,1682244980.5550735,1744518597.538774,1767147181.3759294,1770311634.5307558,1682244980.5550735,1682244980.5550735,1682244980.5550735,1669330323.9752722,1679561038.7439747
